filename,has_structure,has_sequence,has_function,resolution,experiment_type,sequence_length,chains,function_info,missing_residues,atom_count,hetatm_count
1ugm.pdb,True,True,True,2.05,X-RAY DIFFRACTION,113,['A'],"['COMPND   2 MOLECULE: MICROTUBULE-ASSOCIATED PROTEINS 1A/1B LIGHT CHAIN 3;', 'SOURCE    MOL_ID: 1;', 'SOURCE   2 ORGANISM_SCIENTIFIC: RATTUS NORVEGICUS;', 'SOURCE   3 ORGANISM_COMMON: NORWAY RAT;', 'SOURCE   4 ORGANISM_TAXID: 10116;', 'SOURCE   5 EXPRESSION_SYSTEM: ESCHERICHIA COLI BL21;', 'SOURCE   6 EXPRESSION_SYSTEM_TAXID: 511693;', 'SOURCE   7 EXPRESSION_SYSTEM_STRAIN: BL21;', 'SOURCE   8 EXPRESSION_SYSTEM_VECTOR_TYPE: PLASMID;', 'SOURCE   9 EXPRESSION_SYSTEM_PLASMID: PGEX-6P', 'KEYWDS    LC3, AUTOPHAGY, STRUCTURAL PROTEIN']",True,943,65
2k6q.pdb,True,True,True,NOT APP,SOLUTION NMR,138,"['A', 'B']","['COMPND   2 MOLECULE: MICROTUBULE-ASSOCIATED PROTEINS 1A/1B LIGHT CHAIN 3B;', 'COMPND  10 MOLECULE: P62_PEPTIDE FROM SEQUESTOSOME-1;', 'SOURCE    MOL_ID: 1;', 'SOURCE   2 ORGANISM_SCIENTIFIC: RATTUS NORVEGICUS;', 'SOURCE   3 ORGANISM_COMMON: RAT;', 'SOURCE   4 ORGANISM_TAXID: 10116;', 'SOURCE   5 GENE: MAP1LC3B, MAP1ALC3, MAP1LC3;', 'SOURCE   6 EXPRESSION_SYSTEM: ESCHERICHIA COLI;', 'SOURCE   7 EXPRESSION_SYSTEM_TAXID: 562;', 'SOURCE   8 EXPRESSION_SYSTEM_VECTOR: PGEX6P;', 'SOURCE   9 MOL_ID: 2;', 'SOURCE  10 ORGANISM_SCIENTIFIC: RATTUS NORVEGICUS;', 'SOURCE  11 ORGANISM_COMMON: RAT;', 'SOURCE  12 ORGANISM_TAXID: 10116;', 'SOURCE  13 EXPRESSION_SYSTEM: ESCHERICHIA COLI;', 'SOURCE  14 EXPRESSION_SYSTEM_TAXID: 562;', 'SOURCE  15 EXPRESSION_SYSTEM_VECTOR: PGEX6P', 'KEYWDS    LC3, P62, ALTERNATIVE SPLICING, AUTOPHAGY, CYTOPLASM, CYTOPLASMIC', 'KEYWDS   2 VESICLE, LIPOPROTEIN, MEMBRANE, MICROTUBULE, UBL CONJUGATION', 'KEYWDS   3 PATHWAY, APOPTOSIS, DIFFERENTIATION, ENDOSOME, IMMUNE RESPONSE,', 'KEYWDS   4 METAL-BINDING, NUCLEUS, PHOSPHOPROTEIN, ZINC, ZINC-FINGER, APOPTOSIS', 'KEYWDS   5 INHIBITOR-APOPTOSIS COMPLEX']",False,45160,0
2lue.pdb,True,True,True,NOT APP,SOLUTION NMR,131,"['A', 'B']","['COMPND   2 MOLECULE: MICROTUBULE-ASSOCIATED PROTEINS 1A/1B LIGHT CHAIN 3B;', 'COMPND  11 MOLECULE: OPTINEURIN;', 'SOURCE    MOL_ID: 1;', 'SOURCE   2 ORGANISM_SCIENTIFIC: HOMO SAPIENS;', 'SOURCE   3 ORGANISM_COMMON: HUMAN;', 'SOURCE   4 ORGANISM_TAXID: 9606;', 'SOURCE   5 GENE: MAP1LC3B, MAP1ALC3;', 'SOURCE   6 EXPRESSION_SYSTEM: ESCHERICHIA COLI;', 'SOURCE   7 EXPRESSION_SYSTEM_TAXID: 562;', 'SOURCE   8 EXPRESSION_SYSTEM_STRAIN: NEB T7 EXPRESS;', 'SOURCE   9 EXPRESSION_SYSTEM_VECTOR_TYPE: VECTOR;', 'SOURCE  10 EXPRESSION_SYSTEM_VECTOR: PETM60_UB3;', 'SOURCE  11 MOL_ID: 2;', 'SOURCE  12 SYNTHETIC: YES;', 'SOURCE  13 ORGANISM_SCIENTIFIC: HOMO SAPIENS;', 'SOURCE  14 ORGANISM_COMMON: HUMAN;', 'SOURCE  15 ORGANISM_TAXID: 9606;', 'SOURCE  16 OTHER_DETAILS: THE PEPTIDE WAS CHEMICALLY SYNTHESIZED.', 'KEYWDS    SELECTIVE AUTOPHAGY, LC3 PROTEINS, SIGNALING PROTEIN, PROTEIN-PEPTIDE', 'KEYWDS   2 COMPLEX, PHOSPHOSERINE, PROTEIN BINDING']",False,43300,1400
2n9x.pdb,True,True,True,NOT APP,SOLUTION NMR,137,"['A', 'B']","['COMPND   2 MOLECULE: MICROTUBULE-ASSOCIATED PROTEINS 1A/1B LIGHT CHAIN 3B;', 'COMPND  10 MOLECULE: FUN14 DOMAIN-CONTAINING PROTEIN 1;', 'SOURCE    MOL_ID: 1;', 'SOURCE   2 ORGANISM_SCIENTIFIC: HOMO SAPIENS;', 'SOURCE   3 ORGANISM_COMMON: HUMAN;', 'SOURCE   4 ORGANISM_TAXID: 9606;', 'SOURCE   5 GENE: MAP1LC3B, MAP1ALC3;', 'SOURCE   6 EXPRESSION_SYSTEM: ESCHERICHIA COLI;', 'SOURCE   7 EXPRESSION_SYSTEM_TAXID: 562;', 'SOURCE   8 EXPRESSION_SYSTEM_VECTOR_TYPE: VECTOR;', 'SOURCE   9 EXPRESSION_SYSTEM_VECTOR: PET30A;', 'SOURCE  10 MOL_ID: 2;', 'SOURCE  11 SYNTHETIC: YES;', 'SOURCE  12 ORGANISM_SCIENTIFIC: HOMO SAPIENS;', 'SOURCE  13 ORGANISM_COMMON: HUMAN;', 'SOURCE  14 ORGANISM_TAXID: 9606', 'KEYWDS    PROTEIN/PEPTIDE, LC3 INTERACTING REGION (LIR), PROTEIN BINDING-', 'KEYWDS   2 PEPTIDE COMPLEX']",False,45420,0
2ncn.pdb,True,True,True,NOT APP,SOLUTION NMR,128,['A'],"['COMPND   2 MOLECULE: AUTOPHAGY-RELATED PROTEIN LC3C;', 'SOURCE    MOL_ID: 1;', 'SOURCE   2 ORGANISM_SCIENTIFIC: HOMO SAPIENS;', 'SOURCE   3 ORGANISM_COMMON: HUMAN;', 'SOURCE   4 ORGANISM_TAXID: 9606;', 'SOURCE   5 GENE: MAP1LC3C;', 'SOURCE   6 EXPRESSION_SYSTEM: ESCHERICHIA COLI;', 'SOURCE   7 EXPRESSION_SYSTEM_TAXID: 562;', 'SOURCE   8 EXPRESSION_SYSTEM_VECTOR: PGEX-4T-2', 'KEYWDS    PROTEIN TRANSPORT']",False,21120,0
2zjd.pdb,True,True,True,1.56,X-RAY DIFFRACTION,260,"['A', 'B', 'C', 'D']","['COMPND   2 MOLECULE: MICROTUBULE-ASSOCIATED PROTEINS 1A/1B LIGHT CHAIN 3B', 'COMPND  11 MOLECULE: UNDECAMERIC PEPTIDE FROM SEQUESTOSOME-1;', 'SOURCE    MOL_ID: 1;', 'SOURCE   2 ORGANISM_SCIENTIFIC: HOMO SAPIENS;', 'SOURCE   3 ORGANISM_COMMON: HUMAN;', 'SOURCE   4 ORGANISM_TAXID: 9606;', 'SOURCE   5 EXPRESSION_SYSTEM: ESCHERICHIA COLI;', 'SOURCE   6 EXPRESSION_SYSTEM_TAXID: 562;', 'SOURCE   7 EXPRESSION_SYSTEM_STRAIN: BL21;', 'SOURCE   8 EXPRESSION_SYSTEM_VECTOR_TYPE: PLASMID;', 'SOURCE   9 EXPRESSION_SYSTEM_PLASMID: PGEX-6P;', 'SOURCE  10 MOL_ID: 2;', 'SOURCE  11 SYNTHETIC: YES;', 'SOURCE  12 OTHER_DETAILS: THIS SEQUENCE OCCURS NATURALLY IN MOUSE.', 'KEYWDS    P62, AUTOPHAGY, LC3, MICROTUBULE-ASSOCIATED PROTEIN 1 LIGHT CHAIN 3,', 'KEYWDS   2 CYTOPLASM, CYTOPLASMIC VESICLE, LIPOPROTEIN, MEMBRANE, UBL', 'KEYWDS   3 CONJUGATION PATHWAY, ALTERNATIVE SPLICING, APOPTOSIS,', 'KEYWDS   4 DIFFERENTIATION, ENDOSOME, IMMUNE RESPONSE, METAL-BINDING, NUCLEUS,', 'KEYWDS   5 PHOSPHOPROTEIN, ZINC, ZINC-FINGER, APOPTOSIS INHIBITOR-APOPTOSIS', 'KEYWDS   6 COMPLEX']",True,2152,283
3eci.pdb,True,True,True,2.65,X-RAY DIFFRACTION,224,"['A', 'B']","['COMPND   2 MOLECULE: MICROTUBULE-ASSOCIATED PROTEIN 1 LIGHT CHAIN 3 ALPHA;', 'SOURCE    MOL_ID: 1;', 'SOURCE   2 ORGANISM_SCIENTIFIC: HOMO SAPIENS;', 'SOURCE   3 ORGANISM_COMMON: HUMAN;', 'SOURCE   4 ORGANISM_TAXID: 9606;', 'SOURCE   5 GENE: MAP1LC3A;', 'SOURCE   6 EXPRESSION_SYSTEM: ESCHERICHIA COLI;', 'SOURCE   7 EXPRESSION_SYSTEM_TAXID: 562;', 'SOURCE   8 EXPRESSION_SYSTEM_STRAIN: BL21 (DE3) GOLD;', 'SOURCE   9 EXPRESSION_SYSTEM_VECTOR_TYPE: PLASMID;', 'SOURCE  10 EXPRESSION_SYSTEM_PLASMID: PET28-MHL', 'KEYWDS    UBIQUITIN-LIKE (UB ROLL), AUTOPHAGY, CYTOPLASM, CYTOPLASMIC VESICLE,', 'KEYWDS   2 LIPOPROTEIN, MEMBRANE, MICROTUBULE, UBL CONJUGATION PATHWAY,', 'KEYWDS   3 STRUCTURAL GENOMICS CONSORTIUM, ALTERNATIVE SPLICING, APOPTOSIS']",True,1649,0
3vtu.pdb,True,True,True,1.6,X-RAY DIFFRACTION,122,['A'],"['COMPND   2 MOLECULE: MICROTUBULE-ASSOCIATED PROTEINS 1A/1B LIGHT CHAIN 3B;', 'SOURCE    MOL_ID: 1;', 'SOURCE   2 ORGANISM_SCIENTIFIC: HOMO SAPIENS;', 'SOURCE   3 ORGANISM_COMMON: HUMAN;', 'SOURCE   4 ORGANISM_TAXID: 9606;', 'SOURCE   5 GENE: MAP1LC3B, MAP1ALC3;', 'SOURCE   6 EXPRESSION_SYSTEM: ESCHERICHIA COLI;', 'SOURCE   7 EXPRESSION_SYSTEM_TAXID: 562;', 'SOURCE   8 EXPRESSION_SYSTEM_STRAIN: BL21(DE3);', 'SOURCE   9 EXPRESSION_SYSTEM_VECTOR_TYPE: PLASMID;', 'SOURCE  10 EXPRESSION_SYSTEM_PLASMID: PGEX-4T-1', 'KEYWDS    UBIQUITIN-LIKE FOLD, AUTOPHAGY, PROTEIN BINDING']",True,1015,133
3vvw.pdb,True,True,True,2.5,X-RAY DIFFRACTION,224,"['A', 'B']","['COMPND   2 MOLECULE: CALCIUM-BINDING AND COILED-COIL DOMAIN-CONTAINING PROTEIN', 'COMPND  10 MOLECULE: MICROTUBULE-ASSOCIATED PROTEINS 1A/1B LIGHT CHAIN 3C;', 'SOURCE    MOL_ID: 1;', 'SOURCE   2 ORGANISM_SCIENTIFIC: HOMO SAPIENS;', 'SOURCE   3 ORGANISM_COMMON: HUMAN;', 'SOURCE   4 ORGANISM_TAXID: 9606;', 'SOURCE   5 GENE: CALCOCO2, NDP52;', 'SOURCE   6 EXPRESSION_SYSTEM: ESCHERICHIA COLI;', 'SOURCE   7 EXPRESSION_SYSTEM_TAXID: 562;', 'SOURCE   8 MOL_ID: 2;', 'SOURCE   9 ORGANISM_SCIENTIFIC: HOMO SAPIENS;', 'SOURCE  10 ORGANISM_COMMON: HUMAN;', 'SOURCE  11 ORGANISM_TAXID: 9606;', 'SOURCE  12 GENE: MAP1LC3C;', 'SOURCE  13 EXPRESSION_SYSTEM: ESCHERICHIA COLI;', 'SOURCE  14 EXPRESSION_SYSTEM_TAXID: 562', 'KEYWDS    AUTOPHAGY ADAPTOR PROTEIN, PROTEIN TRANSPORT']",True,1861,41
3wal.pdb,True,True,True,2.0,X-RAY DIFFRACTION,115,['A'],"['COMPND   2 MOLECULE: MICROTUBULE-ASSOCIATED PROTEINS 1A/1B LIGHT CHAIN 3A;', 'SOURCE    MOL_ID: 1;', 'SOURCE   2 ORGANISM_SCIENTIFIC: HOMO SAPIENS;', 'SOURCE   3 ORGANISM_COMMON: HUMAN;', 'SOURCE   4 ORGANISM_TAXID: 9606;', 'SOURCE   5 GENE: MAP1LC3A;', 'SOURCE   6 EXPRESSION_SYSTEM: ESCHERICHIA COLI;', 'SOURCE   7 EXPRESSION_SYSTEM_TAXID: 562;', 'SOURCE   8 EXPRESSION_SYSTEM_STRAIN: BL21(DE3);', 'SOURCE   9 EXPRESSION_SYSTEM_VECTOR_TYPE: PLASMID;', 'SOURCE  10 EXPRESSION_SYSTEM_PLASMID: PET30', 'KEYWDS    UBIQUITIN-LIKE FOLD, AUTOPHAGY, PROTEIN BINDING']",True,960,97
3wam.pdb,True,True,True,1.75,X-RAY DIFFRACTION,115,['A'],"['COMPND   2 MOLECULE: MICROTUBULE-ASSOCIATED PROTEINS 1A/1B LIGHT CHAIN 3C;', 'SOURCE    MOL_ID: 1;', 'SOURCE   2 ORGANISM_SCIENTIFIC: HOMO SAPIENS;', 'SOURCE   3 ORGANISM_COMMON: HUMAN;', 'SOURCE   4 ORGANISM_TAXID: 9606;', 'SOURCE   5 GENE: MAP1LC3C;', 'SOURCE   6 EXPRESSION_SYSTEM: ESCHERICHIA COLI;', 'SOURCE   7 EXPRESSION_SYSTEM_TAXID: 562;', 'SOURCE   8 EXPRESSION_SYSTEM_STRAIN: BL21(DE3);', 'SOURCE   9 EXPRESSION_SYSTEM_VECTOR_TYPE: PLASMID;', 'SOURCE  10 EXPRESSION_SYSTEM_PLASMID: PET30', 'KEYWDS    UBIQUITIN-LIKE FOLD, AUTOPHAGY, PROTEIN TRANSPORT']",True,950,127
3wan.pdb,True,True,True,1.77,X-RAY DIFFRACTION,254,"['A', 'B']","['COMPND   2 MOLECULE: AUTOPHAGY-RELATED PROTEIN 13, MICROTUBULE-ASSOCIATED', 'SOURCE    MOL_ID: 1;', 'SOURCE   2 ORGANISM_SCIENTIFIC: HOMO SAPIENS;', 'SOURCE   3 ORGANISM_COMMON: HUMAN;', 'SOURCE   4 ORGANISM_TAXID: 9606;', 'SOURCE   5 GENE: MAP1LC3A;', 'SOURCE   6 EXPRESSION_SYSTEM: ESCHERICHIA COLI;', 'SOURCE   7 EXPRESSION_SYSTEM_TAXID: 562;', 'SOURCE   8 EXPRESSION_SYSTEM_STRAIN: BL21(DE3);', 'SOURCE   9 EXPRESSION_SYSTEM_VECTOR_TYPE: PLASMID;', 'SOURCE  10 EXPRESSION_SYSTEM_PLASMID: PET30', 'KEYWDS    UBIQUITIN-LIKE FOLD, AUTOPHAGY, PROTEIN BINDING']",True,2097,262
3wao.pdb,True,True,True,2.6,X-RAY DIFFRACTION,498,"['A', 'B', 'C', 'D']","['COMPND   2 MOLECULE: AUTOPHAGY-RELATED PROTEIN 13, MICROTUBULE-ASSOCIATED', 'SOURCE    MOL_ID: 1;', 'SOURCE   2 ORGANISM_SCIENTIFIC: HOMO SAPIENS;', 'SOURCE   3 ORGANISM_COMMON: HUMAN;', 'SOURCE   4 ORGANISM_TAXID: 9606;', 'SOURCE   5 GENE: MAP1LC3B, MAP1ALC3;', 'SOURCE   6 EXPRESSION_SYSTEM: ESCHERICHIA COLI;', 'SOURCE   7 EXPRESSION_SYSTEM_TAXID: 562;', 'SOURCE   8 EXPRESSION_SYSTEM_STRAIN: BL21(DE3);', 'SOURCE   9 EXPRESSION_SYSTEM_VECTOR_TYPE: PLASMID;', 'SOURCE  10 EXPRESSION_SYSTEM_PLASMID: PET30', 'KEYWDS    UBIQUITIN-LIKE FOLD, AUTOPHAGY, APOPTOSIS']",True,4113,0
3wap.pdb,True,True,True,3.1,X-RAY DIFFRACTION,124,['A'],"['COMPND   2 MOLECULE: AUTOPHAGY-RELATED PROTEIN 13, MICROTUBULE-ASSOCIATED', 'SOURCE    MOL_ID: 1;', 'SOURCE   2 ORGANISM_SCIENTIFIC: HOMO SAPIENS;', 'SOURCE   3 ORGANISM_COMMON: HUMAN;', 'SOURCE   4 ORGANISM_TAXID: 9606;', 'SOURCE   5 GENE: MAP1LC3C;', 'SOURCE   6 EXPRESSION_SYSTEM: ESCHERICHIA COLI;', 'SOURCE   7 EXPRESSION_SYSTEM_TAXID: 562;', 'SOURCE   8 EXPRESSION_SYSTEM_STRAIN: BL21(DE3);', 'SOURCE   9 EXPRESSION_SYSTEM_VECTOR_TYPE: PLASMID;', 'SOURCE  10 EXPRESSION_SYSTEM_PLASMID: PET30', 'KEYWDS    UBIQUITIN-LIKE FOLD, AUTOPHAGY, PROTEIN TRANSPORT']",True,1014,0
3x0w.pdb,True,True,True,2.71,X-RAY DIFFRACTION,247,"['A', 'B']","['COMPND   2 MOLECULE: MICROTUBULE-ASSOCIATED PROTEINS 1A/1B LIGHT CHAIN 3B;', 'SOURCE    MOL_ID: 1;', 'SOURCE   2 ORGANISM_SCIENTIFIC: HOMO SAPIENS;', 'SOURCE   3 ORGANISM_COMMON: HUMAN;', 'SOURCE   4 ORGANISM_TAXID: 9606;', 'SOURCE   5 GENE: MAP1LC3B, MAP1ALC3;', 'SOURCE   6 EXPRESSION_SYSTEM: ESCHERICHIA COLI;', 'SOURCE   7 EXPRESSION_SYSTEM_TAXID: 469008;', 'SOURCE   8 EXPRESSION_SYSTEM_STRAIN: BL21(DE3);', 'SOURCE   9 EXPRESSION_SYSTEM_VECTOR_TYPE: PLASMID;', 'SOURCE  10 EXPRESSION_SYSTEM_PLASMID: PET30', 'KEYWDS    UBIQUITIN-LIKE FOLD, AUTOPHAGY, PLEKHM1, PROTEIN BINDING']",True,2043,25
4waa.pdb,True,True,True,2.35,X-RAY DIFFRACTION,251,"['A', 'B']","['COMPND   2 MOLECULE: MICROTUBULE-ASSOCIATED PROTEINS 1A/1B LIGHT CHAIN 3B;', 'SOURCE    MOL_ID: 1;', 'SOURCE   2 ORGANISM_SCIENTIFIC: HOMO SAPIENS;', 'SOURCE   3 ORGANISM_COMMON: HUMAN;', 'SOURCE   4 ORGANISM_TAXID: 9606;', 'SOURCE   5 GENE: MAP1LC3B, MAP1ALC3;', 'SOURCE   6 EXPRESSION_SYSTEM: ESCHERICHIA COLI;', 'SOURCE   7 EXPRESSION_SYSTEM_TAXID: 562;', 'SOURCE   8 EXPRESSION_SYSTEM_VECTOR_TYPE: PLASMID;', 'SOURCE   9 EXPRESSION_SYSTEM_PLASMID: PET30', 'KEYWDS    AUTOPHAGY, SELECTIVE AUTOPHAGY, DEGRADATION, NIX, LC3, RECYCLING,', 'KEYWDS   2 LIR, STRUCTURAL PROTEIN']",True,2082,112
4zdv.pdb,True,True,True,1.8,X-RAY DIFFRACTION,126,['A'],"['COMPND   2 MOLECULE: MICROTUBULE-ASSOCIATED PROTEINS 1A/1B LIGHT CHAIN 3A;', 'SOURCE    MOL_ID: 1;', 'SOURCE   2 ORGANISM_SCIENTIFIC: HOMO SAPIENS;', 'SOURCE   3 ORGANISM_COMMON: HUMAN;', 'SOURCE   4 ORGANISM_TAXID: 9606;', 'SOURCE   5 GENE: MAP1LC3A;', 'SOURCE   6 EXPRESSION_SYSTEM: ESCHERICHIA COLI;', 'SOURCE   7 EXPRESSION_SYSTEM_TAXID: 562', 'KEYWDS    AUTOPHAGY, ER-PHAGY, COMPLEX, PROTEIN TRANSPORT']",True,1045,116
5cx3.pdb,True,True,True,2.3,X-RAY DIFFRACTION,553,"['A', 'B', 'C', 'D', 'E', 'F', 'G', 'H']","['COMPND   2 MOLECULE: MICROTUBULE-ASSOCIATED PROTEINS 1A/1B LIGHT CHAIN 3A;', 'COMPND  10 MOLECULE: FYVE AND COILED-COIL DOMAIN-CONTAINING PROTEIN 1;', 'SOURCE    MOL_ID: 1;', 'SOURCE   2 ORGANISM_SCIENTIFIC: HOMO SAPIENS;', 'SOURCE   3 ORGANISM_COMMON: HUMAN;', 'SOURCE   4 ORGANISM_TAXID: 9606;', 'SOURCE   5 GENE: MAP1LC3A;', 'SOURCE   6 EXPRESSION_SYSTEM: ESCHERICHIA COLI;', 'SOURCE   7 EXPRESSION_SYSTEM_TAXID: 562;', 'SOURCE   8 MOL_ID: 2;', 'SOURCE   9 ORGANISM_SCIENTIFIC: HOMO SAPIENS;', 'SOURCE  10 ORGANISM_COMMON: HUMAN;', 'SOURCE  11 ORGANISM_TAXID: 9606;', 'SOURCE  12 GENE: FYCO1, ZFYVE7;', 'SOURCE  13 EXPRESSION_SYSTEM: ESCHERICHIA COLI;', 'SOURCE  14 EXPRESSION_SYSTEM_TAXID: 562', 'KEYWDS    AUTOPHAGY ADAPTOR, PROTEIN BINDING']",True,4598,115
5d94.pdb,True,True,True,1.53,X-RAY DIFFRACTION,131,"['A', 'B']","['COMPND   2 MOLECULE: MICROTUBULE-ASSOCIATED PROTEINS 1A/1B LIGHT CHAIN 3B;', 'COMPND  10 MOLECULE: PEPTIDE FROM FYVE AND COILED-COIL DOMAIN-CONTAINING PROTEIN', 'SOURCE    MOL_ID: 1;', 'SOURCE   2 ORGANISM_SCIENTIFIC: HOMO SAPIENS;', 'SOURCE   3 ORGANISM_COMMON: HUMAN;', 'SOURCE   4 ORGANISM_TAXID: 9606;', 'SOURCE   5 GENE: MAP1LC3B, MAP1ALC3;', 'SOURCE   6 EXPRESSION_SYSTEM: ESCHERICHIA COLI;', 'SOURCE   7 EXPRESSION_SYSTEM_TAXID: 562;', 'SOURCE   8 MOL_ID: 2;', 'SOURCE   9 SYNTHETIC: YES;', 'SOURCE  10 ORGANISM_SCIENTIFIC: HOMO SAPIENS;', 'SOURCE  11 ORGANISM_COMMON: HUMAN;', 'SOURCE  12 ORGANISM_TAXID: 9606', 'KEYWDS    FYCO1, AUTOPHAGY, LC3, LIR, PROTEIN BINDING-PEPTIDE COMPLEX']",True,1166,127
5dcn.pdb,True,True,True,2.0,X-RAY DIFFRACTION,126,['A'],"['COMPND   2 MOLECULE: MICROTUBULE-ASSOCIATED PROTEINS 1A/1B LIGHT CHAIN 3B;', 'SOURCE    MOL_ID: 1;', 'SOURCE   2 ORGANISM_SCIENTIFIC: HOMO SAPIENS;', 'SOURCE   3 ORGANISM_COMMON: HUMAN;', 'SOURCE   4 ORGANISM_TAXID: 9606;', 'SOURCE   5 GENE: MAP1LC3B, MAP1ALC3;', 'SOURCE   6 EXPRESSION_SYSTEM: ESCHERICHIA COLI;', 'SOURCE   7 EXPRESSION_SYSTEM_TAXID: 562', 'KEYWDS    LC3, AUTOPHAGY, CELL CYCLE']",True,1064,78
5dpr.pdb,True,True,True,2.5,X-RAY DIFFRACTION,502,"['A', 'B', 'C', 'D']","['COMPND   2 MOLECULE: PLECKSTRIN HOMOLOGY DOMAIN-CONTAINING FAMILY M MEMBER 1,', 'SOURCE    MOL_ID: 1;', 'SOURCE   2 ORGANISM_SCIENTIFIC: HOMO SAPIENS;', 'SOURCE   3 ORGANISM_COMMON: HUMAN;', 'SOURCE   4 ORGANISM_TAXID: 9606;', 'SOURCE   5 GENE: PLEKHM1, KIAA0356, MAP1LC3A;', 'SOURCE   6 EXPRESSION_SYSTEM: ESCHERICHIA COLI;', 'SOURCE   7 EXPRESSION_SYSTEM_TAXID: 469008;', 'SOURCE   8 EXPRESSION_SYSTEM_STRAIN: BL21(DE3);', 'SOURCE   9 EXPRESSION_SYSTEM_VECTOR_TYPE: PLASMID;', 'SOURCE  10 EXPRESSION_SYSTEM_PLASMID: PET30', 'KEYWDS    AUTOPHAGY; PLEKHM1; ATG8; LC3; GABARAP, CHIMERIC PROTEIN, PROTEIN', 'KEYWDS   2 BINDING']",True,8115,42
5dpw.pdb,True,True,True,2.19,X-RAY DIFFRACTION,992,"['A', 'B', 'C', 'D', 'E', 'F', 'G', 'H', 'I', 'J', 'K', 'L', 'M', 'N', 'O', 'P']","['COMPND   2 MOLECULE: MICROTUBULE-ASSOCIATED PROTEINS 1A/1B LIGHT CHAIN 3C;', 'COMPND  11 MOLECULE: PLECKSTRIN HOMOLOGY DOMAIN-CONTAINING FAMILY M MEMBER 1;', 'SOURCE    MOL_ID: 1;', 'SOURCE   2 ORGANISM_SCIENTIFIC: HOMO SAPIENS;', 'SOURCE   3 ORGANISM_COMMON: HUMAN;', 'SOURCE   4 ORGANISM_TAXID: 9606;', 'SOURCE   5 GENE: MAP1LC3C;', 'SOURCE   6 EXPRESSION_SYSTEM: ESCHERICHIA COLI;', 'SOURCE   7 EXPRESSION_SYSTEM_TAXID: 469008;', 'SOURCE   8 EXPRESSION_SYSTEM_STRAIN: BL21(DE3);', 'SOURCE   9 EXPRESSION_SYSTEM_VECTOR_TYPE: PLASMID;', 'SOURCE  10 EXPRESSION_SYSTEM_PLASMID: PET30;', 'SOURCE  11 MOL_ID: 2;', 'SOURCE  12 ORGANISM_SCIENTIFIC: HOMO SAPIENS;', 'SOURCE  13 ORGANISM_COMMON: HUMAN;', 'SOURCE  14 ORGANISM_TAXID: 9606;', 'SOURCE  15 GENE: PLEKHM1, KIAA0356;', 'SOURCE  16 EXPRESSION_SYSTEM: ESCHERICHIA COLI;', 'SOURCE  17 EXPRESSION_SYSTEM_TAXID: 469008;', 'SOURCE  18 EXPRESSION_SYSTEM_STRAIN: BL21(DE3);', 'SOURCE  19 EXPRESSION_SYSTEM_VECTOR_TYPE: PLASMID;', 'SOURCE  20 EXPRESSION_SYSTEM_PLASMID: PET30', 'KEYWDS    AUTOPHAGY, PROTEIN BINDING']",True,16670,160
5gmv.pdb,True,True,True,2.25,X-RAY DIFFRACTION,254,"['B', 'D', 'A', 'C']","['COMPND   2 MOLECULE: MICROTUBULE-ASSOCIATED PROTEINS 1A/1B LIGHT CHAIN 3B;', 'COMPND  10 MOLECULE: PEPTIDE FROM FUN14 DOMAIN-CONTAINING PROTEIN 1;', 'SOURCE    MOL_ID: 1;', 'SOURCE   2 ORGANISM_SCIENTIFIC: HOMO SAPIENS;', 'SOURCE   3 ORGANISM_COMMON: HUMAN;', 'SOURCE   4 ORGANISM_TAXID: 9606;', 'SOURCE   5 GENE: MAP1LC3B, MAP1ALC3;', 'SOURCE   6 EXPRESSION_SYSTEM: ESCHERICHIA COLI K-12;', 'SOURCE   7 EXPRESSION_SYSTEM_TAXID: 83333;', 'SOURCE   8 EXPRESSION_SYSTEM_STRAIN: K-12;', 'SOURCE   9 EXPRESSION_SYSTEM_VECTOR_TYPE: PLASMID;', 'SOURCE  10 MOL_ID: 2;', 'SOURCE  11 SYNTHETIC: YES;', 'SOURCE  12 ORGANISM_SCIENTIFIC: HOMO SAPIENS;', 'SOURCE  13 ORGANISM_COMMON: HUMAN;', 'SOURCE  14 ORGANISM_TAXID: 9606', 'KEYWDS    LC3B, FUNDC1, SPECIFIC RECOGNITION, PHOSPHORYLATION, SELECTIVE', 'KEYWDS   2 MITOPHAGY, PROTEIN BINDING']",True,2102,123
5ms2.pdb,True,True,True,2.47,X-RAY DIFFRACTION,520,"['A', 'B']","['COMPND   2 MOLECULE: LEGIONELLA PNEUMOPHILA EFFECTOR PROTEIN RAVZ;', 'COMPND   6 MOLECULE: MICROTUBULE-ASSOCIATED PROTEINS 1A/1B LIGHT CHAIN 3B;', 'SOURCE    MOL_ID: 1;', 'SOURCE   2 ORGANISM_SCIENTIFIC: LEGIONELLA PNEUMOPHILA SUBSP. PNEUMOPHILA STR.', 'SOURCE   3 PHILADELPHIA 1;', 'SOURCE   4 ORGANISM_TAXID: 272624;', 'SOURCE   5 GENE: LPG1683;', 'SOURCE   6 EXPRESSION_SYSTEM: ESCHERICHIA COLI BL21;', 'SOURCE   7 EXPRESSION_SYSTEM_TAXID: 511693;', 'SOURCE   8 EXPRESSION_SYSTEM_VECTOR_TYPE: PLASMID;', 'SOURCE   9 EXPRESSION_SYSTEM_VECTOR: POPIN;', 'SOURCE  10 MOL_ID: 2;', 'SOURCE  11 ORGANISM_SCIENTIFIC: HOMO SAPIENS;', 'SOURCE  12 ORGANISM_COMMON: HUMAN;', 'SOURCE  13 ORGANISM_TAXID: 9606;', 'SOURCE  14 GENE: MAP1LC3B, MAP1ALC3;', 'SOURCE  15 EXPRESSION_SYSTEM: ESCHERICHIA COLI BL21;', 'SOURCE  16 EXPRESSION_SYSTEM_TAXID: 511693;', 'SOURCE  17 EXPRESSION_SYSTEM_VECTOR_TYPE: PLASMID;', 'SOURCE  18 EXPRESSION_SYSTEM_VECTOR: PMAL', 'KEYWDS    HYDROLASE, AUTOPHAGY, HOST-PATHOGEN INTERACTION']",True,4162,111
5ms5.pdb,True,True,True,1.53,X-RAY DIFFRACTION,253,"['A', 'B']","['COMPND   2 MOLECULE: RAVZ,MICROTUBULE-ASSOCIATED PROTEINS 1A/1B LIGHT CHAIN 3B;', 'SOURCE    MOL_ID: 1;', 'SOURCE   2 ORGANISM_SCIENTIFIC: LEGIONELLA PNEUMOPHILA, HOMO SAPIENS;', 'SOURCE   3 ORGANISM_COMMON: HUMAN;', 'SOURCE   4 ORGANISM_TAXID: 446, 9606;', 'SOURCE   5 GENE: LPG1683, MAP1LC3B, MAP1ALC3;', 'SOURCE   6 EXPRESSION_SYSTEM: ESCHERICHIA COLI BL21;', 'SOURCE   7 EXPRESSION_SYSTEM_TAXID: 511693;', 'SOURCE   8 EXPRESSION_SYSTEM_VECTOR_TYPE: PLASMID;', 'SOURCE   9 EXPRESSION_SYSTEM_PLASMID: PMAL', 'KEYWDS    AUTOPHAGY / HOST-PATHOGEN INTERACTION / PROTEIN BINDING /RAVZ / LIR /', 'KEYWDS   2 LC3, PROTEIN BINDING']",True,2110,224
5ms6.pdb,True,True,True,1.9,X-RAY DIFFRACTION,252,"['A', 'B']","['COMPND   2 MOLECULE: MICROTUBULE-ASSOCIATED PROTEINS 1A/1B LIGHT CHAIN 3B;', 'SOURCE    MOL_ID: 1;', 'SOURCE   2 ORGANISM_SCIENTIFIC: HOMO SAPIENS;', 'SOURCE   3 ORGANISM_COMMON: HUMAN;', 'SOURCE   4 ORGANISM_TAXID: 9606;', 'SOURCE   5 GENE: MAP1LC3B, MAP1ALC3;', 'SOURCE   6 EXPRESSION_SYSTEM: ESCHERICHIA COLI BL21;', 'SOURCE   7 EXPRESSION_SYSTEM_TAXID: 511693;', 'SOURCE   8 EXPRESSION_SYSTEM_VECTOR_TYPE: PLASMID;', 'SOURCE   9 EXPRESSION_SYSTEM_PLASMID: PMAL', 'KEYWDS    AUTOPHAGY / HOST-PATHOGEN INTERACTION / PROTEIN BINDING /RAVZ / LIR /', 'KEYWDS   2 LC3, PROTEIN BINDING']",True,2088,187
5v4k.pdb,True,True,True,2.1,X-RAY DIFFRACTION,249,"['A', 'B']","['COMPND   2 MOLECULE: MICROTUBULE-ASSOCIATED PROTEINS 1A/1B LIGHT CHAIN 3B,', 'SOURCE    MOL_ID: 1;', 'SOURCE   2 ORGANISM_SCIENTIFIC: HOMO SAPIENS;', 'SOURCE   3 ORGANISM_COMMON: HUMAN;', 'SOURCE   4 ORGANISM_TAXID: 9606;', 'SOURCE   5 GENE: MAP1LC3B, MAP1ALC3;', 'SOURCE   6 EXPRESSION_SYSTEM: ESCHERICHIA COLI;', 'SOURCE   7 EXPRESSION_SYSTEM_TAXID: 562', 'KEYWDS    AUTOPHAGY, UBIQUITIN E3 LIGASE, HECT, LIR, LC3, SIGNALING PROTEIN']",True,2002,157
5wrd.pdb,True,True,True,1.9,X-RAY DIFFRACTION,272,"['A', 'B', 'C', 'D']","['COMPND   2 MOLECULE: MICROTUBULE-ASSOCIATED PROTEINS 1A/1B LIGHT CHAIN 3B;', 'COMPND  10 MOLECULE: PEPTIDE FROM FYVE AND COILED-COIL DOMAIN-CONTAINING PROTEIN', 'SOURCE    MOL_ID: 1;', 'SOURCE   2 ORGANISM_SCIENTIFIC: MUS MUSCULUS;', 'SOURCE   3 ORGANISM_COMMON: MOUSE;', 'SOURCE   4 ORGANISM_TAXID: 10090;', 'SOURCE   5 GENE: MAP1LC3B, MAP1ALC3, MAP1LC3;', 'SOURCE   6 EXPRESSION_SYSTEM: ESCHERICHIA COLI;', 'SOURCE   7 EXPRESSION_SYSTEM_TAXID: 562;', 'SOURCE   8 EXPRESSION_SYSTEM_VECTOR_TYPE: PLASMID;', 'SOURCE   9 MOL_ID: 2;', 'SOURCE  10 SYNTHETIC: YES;', 'SOURCE  11 ORGANISM_SCIENTIFIC: MUS MUSCULUS;', 'SOURCE  12 ORGANISM_COMMON: MOUSE;', 'SOURCE  13 ORGANISM_TAXID: 10090', 'KEYWDS    AUTOPHAGY, PROTEIN BINDING']",True,2252,62
5xac.pdb,True,True,True,1.7,X-RAY DIFFRACTION,485,"['A', 'B', 'C', 'D']","['COMPND   2 MOLECULE: MICROTUBULE-ASSOCIATED PROTEINS 1A/1B LIGHT CHAIN 3B;', 'SOURCE    MOL_ID: 1;', 'SOURCE   2 ORGANISM_SCIENTIFIC: HOMO SAPIENS;', 'SOURCE   3 ORGANISM_COMMON: HUMAN;', 'SOURCE   4 ORGANISM_TAXID: 9606;', 'SOURCE   5 GENE: MAP1LC3B, MAP1ALC3;', 'SOURCE   6 EXPRESSION_SYSTEM: ESCHERICHIA COLI BL21(DE3);', 'SOURCE   7 EXPRESSION_SYSTEM_TAXID: 469008;', 'SOURCE   8 EXPRESSION_SYSTEM_STRAIN: BL21(DE3)', 'KEYWDS    AUTOPHAGY, LC3B, ATG8, PROTEIN BINDING']",True,4037,485
5xad.pdb,True,True,True,1.88,X-RAY DIFFRACTION,285,"['A', 'B', 'C', 'D']","['COMPND   2 MOLECULE: MICROTUBULE-ASSOCIATED PROTEINS 1A/1B LIGHT CHAIN 3B;', 'COMPND  10 MOLECULE: UNCHARACTERISED PROTEIN;', 'SOURCE    MOL_ID: 1;', 'SOURCE   2 ORGANISM_SCIENTIFIC: HOMO SAPIENS;', 'SOURCE   3 ORGANISM_COMMON: HUMAN;', 'SOURCE   4 ORGANISM_TAXID: 9606;', 'SOURCE   5 GENE: MAP1LC3B, MAP1ALC3;', 'SOURCE   6 EXPRESSION_SYSTEM: ESCHERICHIA COLI BL21;', 'SOURCE   7 EXPRESSION_SYSTEM_TAXID: 511693;', 'SOURCE   8 EXPRESSION_SYSTEM_STRAIN: BL21;', 'SOURCE   9 MOL_ID: 2;', 'SOURCE  10 ORGANISM_SCIENTIFIC: LEGIONELLA PNEUMOPHILA SUBSP. PNEUMOPHILA;', 'SOURCE  11 ORGANISM_TAXID: 91891;', 'SOURCE  12 STRAIN: PHILADELPHIA 1 / ATCC 33152 / DSM 7513;', 'SOURCE  13 EXPRESSION_SYSTEM: ESCHERICHIA COLI BL21(DE3);', 'SOURCE  14 EXPRESSION_SYSTEM_TAXID: 469008;', 'SOURCE  15 EXPRESSION_SYSTEM_STRAIN: BL21(DE3)', 'KEYWDS    AUTOPHAGY, LC3, ATG8, FUSION PROTEIN, PROTEIN BINDING']",True,2347,199
5xae.pdb,True,True,True,2.0,X-RAY DIFFRACTION,499,"['A', 'B', 'C', 'D']","['COMPND   2 MOLECULE: MICROTUBULE-ASSOCIATED PROTEINS 1A/1B LIGHT CHAIN 3B;', 'SOURCE    MOL_ID: 1;', 'SOURCE   2 ORGANISM_SCIENTIFIC: HOMO SAPIENS;', 'SOURCE   3 ORGANISM_COMMON: HUMAN;', 'SOURCE   4 ORGANISM_TAXID: 9606;', 'SOURCE   5 GENE: MAP1LC3B, MAP1ALC3;', 'SOURCE   6 EXPRESSION_SYSTEM: ESCHERICHIA COLI BL21(DE3);', 'SOURCE   7 EXPRESSION_SYSTEM_TAXID: 469008;', 'SOURCE   8 EXPRESSION_SYSTEM_STRAIN: BL21(DE3)', 'KEYWDS    AUTOPHAGY, LC3B, ATG8, PROTEIN BINDING']",True,4157,212
5yiq.pdb,True,True,True,2.6,X-RAY DIFFRACTION,131,"['A', 'D']","['COMPND   2 MOLECULE: MICROTUBULE-ASSOCIATED PROTEINS 1A/1B LIGHT CHAIN 3B;', 'COMPND  10 MOLECULE: ANKYRIN-3;', 'SOURCE    MOL_ID: 1;', 'SOURCE   2 ORGANISM_SCIENTIFIC: MUS MUSCULUS;', 'SOURCE   3 ORGANISM_COMMON: MOUSE;', 'SOURCE   4 ORGANISM_TAXID: 10090;', 'SOURCE   5 GENE: MAP1LC3B, MAP1ALC3, MAP1LC3;', 'SOURCE   6 EXPRESSION_SYSTEM: ESCHERICHIA COLI;', 'SOURCE   7 EXPRESSION_SYSTEM_TAXID: 562;', 'SOURCE   8 MOL_ID: 2;', 'SOURCE   9 ORGANISM_SCIENTIFIC: RATTUS NORVEGICUS;', 'SOURCE  10 ORGANISM_COMMON: RAT;', 'SOURCE  11 ORGANISM_TAXID: 10116;', 'SOURCE  12 GENE: ANK3;', 'SOURCE  13 EXPRESSION_SYSTEM: ESCHERICHIA COLI;', 'SOURCE  14 EXPRESSION_SYSTEM_TAXID: 562', 'KEYWDS    AUTOPHAGY, PROTEIN BINDING']",True,1050,13
5yis.pdb,True,True,True,2.2,X-RAY DIFFRACTION,273,"['A', 'B', 'D', 'C']","['COMPND   2 MOLECULE: MICROTUBULE-ASSOCIATED PROTEINS 1A/1B LIGHT CHAIN 3B;', 'COMPND  10 MOLECULE: ANKYRIN-2;', 'SOURCE    MOL_ID: 1;', 'SOURCE   2 ORGANISM_SCIENTIFIC: MUS MUSCULUS;', 'SOURCE   3 ORGANISM_COMMON: MOUSE;', 'SOURCE   4 ORGANISM_TAXID: 10090;', 'SOURCE   5 GENE: MAP1LC3B, MAP1ALC3, MAP1LC3;', 'SOURCE   6 EXPRESSION_SYSTEM: ESCHERICHIA COLI;', 'SOURCE   7 EXPRESSION_SYSTEM_TAXID: 562;', 'SOURCE   8 MOL_ID: 2;', 'SOURCE   9 ORGANISM_SCIENTIFIC: HOMO SAPIENS;', 'SOURCE  10 ORGANISM_COMMON: HUMAN;', 'SOURCE  11 ORGANISM_TAXID: 9606;', 'SOURCE  12 GENE: ANK2;', 'SOURCE  13 EXPRESSION_SYSTEM: ESCHERICHIA COLI;', 'SOURCE  14 EXPRESSION_SYSTEM_TAXID: 562', 'KEYWDS    AUTOPHAGY, PROTEIN BINDING']",True,2178,53
6lan.pdb,True,True,True,1.41,X-RAY DIFFRACTION,133,['A'],"['COMPND   2 MOLECULE: COILED-COIL DOMAIN-CONTAINING PROTEIN 50,MICROTUBULE-', 'SOURCE    MOL_ID: 1;', 'SOURCE   2 ORGANISM_SCIENTIFIC: HOMO SAPIENS;', 'SOURCE   3 ORGANISM_COMMON: HUMAN;', 'SOURCE   4 ORGANISM_TAXID: 9606;', 'SOURCE   5 GENE: CCDC50, C3ORF6, MAP1LC3B, MAP1ALC3;', 'SOURCE   6 EXPRESSION_SYSTEM: ESCHERICHIA COLI;', 'SOURCE   7 EXPRESSION_SYSTEM_TAXID: 562', 'KEYWDS    AUTOPHAGY, COMPLEX, PEPTIDE BINDING PROTEIN']",True,2311,286
6tbe.pdb,True,True,True,1.67,X-RAY DIFFRACTION,116,['A'],"['COMPND   2 MOLECULE: MICROTUBULE-ASSOCIATED PROTEINS 1A/1B LIGHT CHAIN 3A;', 'SOURCE    MOL_ID: 1;', 'SOURCE   2 ORGANISM_SCIENTIFIC: HOMO SAPIENS;', 'SOURCE   3 ORGANISM_COMMON: HUMAN;', 'SOURCE   4 ORGANISM_TAXID: 9606;', 'SOURCE   5 GENE: MAP1LC3A;', 'SOURCE   6 EXPRESSION_SYSTEM: ESCHERICHIA COLI BL21(DE3);', 'SOURCE   7 EXPRESSION_SYSTEM_TAXID: 469008', 'KEYWDS    INHIBITOR, COMPLEX, LC3A, AUTOPHAGY, HYDROLASE']",True,993,149
7elg.pdb,True,True,True,1.6,X-RAY DIFFRACTION,122,['A'],"['COMPND   2 MOLECULE: MICROTUBULE-ASSOCIATED PROTEINS 1A/1B LIGHT CHAIN 3B;', 'SOURCE    MOL_ID: 1;', 'SOURCE   2 ORGANISM_SCIENTIFIC: HOMO SAPIENS;', 'SOURCE   3 ORGANISM_COMMON: HUMAN;', 'SOURCE   4 ORGANISM_TAXID: 9606;', 'SOURCE   5 GENE: MAP1LC3B, MAP1ALC3;', 'SOURCE   6 EXPRESSION_SYSTEM: ESCHERICHIA COLI;', 'SOURCE   7 EXPRESSION_SYSTEM_TAXID: 562', 'KEYWDS    INHIBITOR, COMPLEX, PROTEIN BINDING']",True,1015,96
7r9w.pdb,True,True,True,1.75,X-RAY DIFFRACTION,115,['A'],"['COMPND   2 MOLECULE: MICROTUBULE-ASSOCIATED PROTEINS 1A/1B LIGHT CHAIN 3A;', 'SOURCE    MOL_ID: 1;', 'SOURCE   2 ORGANISM_SCIENTIFIC: HOMO SAPIENS;', 'SOURCE   3 ORGANISM_COMMON: HUMAN;', 'SOURCE   4 ORGANISM_TAXID: 9606;', 'SOURCE   5 GENE: MAP1LC3A;', 'SOURCE   6 EXPRESSION_SYSTEM: ESCHERICHIA COLI;', 'SOURCE   7 EXPRESSION_SYSTEM_TAXID: 562', 'KEYWDS    MATG8, AUTOPHAGY, HYDROLASE']",True,990,78
7r9z.pdb,True,True,True,1.72,X-RAY DIFFRACTION,115,['A'],"['COMPND   2 MOLECULE: MICROTUBULE-ASSOCIATED PROTEINS 1A/1B LIGHT CHAIN 3A;', 'SOURCE    MOL_ID: 1;', 'SOURCE   2 ORGANISM_SCIENTIFIC: HOMO SAPIENS;', 'SOURCE   3 ORGANISM_COMMON: HUMAN;', 'SOURCE   4 ORGANISM_TAXID: 9606;', 'SOURCE   5 GENE: MAP1LC3A;', 'SOURCE   6 EXPRESSION_SYSTEM: ESCHERICHIA COLI;', 'SOURCE   7 EXPRESSION_SYSTEM_TAXID: 562', 'KEYWDS    MATG8, AUTOPHAGY, HYDROLASE']",True,966,83
7ra0.pdb,True,True,True,1.36,X-RAY DIFFRACTION,115,['A'],"['COMPND   2 MOLECULE: MICROTUBULE-ASSOCIATED PROTEINS 1A/1B LIGHT CHAIN 3A;', 'SOURCE    MOL_ID: 1;', 'SOURCE   2 ORGANISM_SCIENTIFIC: HOMO SAPIENS;', 'SOURCE   3 ORGANISM_COMMON: HUMAN;', 'SOURCE   4 ORGANISM_TAXID: 9606;', 'SOURCE   5 GENE: MAP1LC3A;', 'SOURCE   6 EXPRESSION_SYSTEM: ESCHERICHIA COLI;', 'SOURCE   7 EXPRESSION_SYSTEM_TAXID: 562', 'KEYWDS    MATG8, AUTOPHAGY, HYDROLASE']",True,975,146
8q7k.pdb,True,True,True,1.6,X-RAY DIFFRACTION,250,"['A', 'B', 'C', 'D']","['COMPND   2 MOLECULE: MICROTUBULE-ASSOCIATED PROTEINS 1A/1B LIGHT CHAIN 3B;', 'COMPND  10 MOLECULE: IMMUNITY-RELATED GTPASE FAMILY Q PROTEIN;', 'SOURCE    MOL_ID: 1;', 'SOURCE   2 ORGANISM_SCIENTIFIC: HOMO SAPIENS;', 'SOURCE   3 ORGANISM_COMMON: HUMAN;', 'SOURCE   4 ORGANISM_TAXID: 9606;', 'SOURCE   5 GENE: MAP1LC3B, MAP1ALC3;', 'SOURCE   6 EXPRESSION_SYSTEM: ESCHERICHIA COLI;', 'SOURCE   7 EXPRESSION_SYSTEM_TAXID: 562;', 'SOURCE   8 MOL_ID: 2;', 'SOURCE   9 SYNTHETIC: YES;', 'SOURCE  10 ORGANISM_SCIENTIFIC: HOMO SAPIENS;', 'SOURCE  11 ORGANISM_COMMON: HUMAN;', 'SOURCE  12 ORGANISM_TAXID: 9606', 'KEYWDS    AUTOPHAGY, LC3B, LIR, IRGQ, PROTEIN BINDING']",True,4233,211
8t2l.pdb,True,True,True,2.24,X-RAY DIFFRACTION,252,"['A', 'B']","['COMPND   2 MOLECULE: NON-STRUCTURAL PROTEIN S,MICROTUBULE-ASSOCIATED PROTEINS', 'SOURCE    MOL_ID: 1;', 'SOURCE   2 ORGANISM_SCIENTIFIC: HOMO SAPIENS;', 'SOURCE   3 ORGANISM_COMMON: HUMAN;', 'SOURCE   4 ORGANISM_TAXID: 9606;', 'SOURCE   5 GENE: NSS, MAP1LC3A;', 'SOURCE   6 EXPRESSION_SYSTEM: ESCHERICHIA COLI BL21(DE3);', 'SOURCE   7 EXPRESSION_SYSTEM_TAXID: 469008', 'KEYWDS    RIFT VALLEY FEVER VIRUS, AUTOPHAGY, LC3, GABARAP, LIR, PROTEIN', 'KEYWDS   2 BINDING']",True,2094,56
8t2m.pdb,True,True,True,1.27,X-RAY DIFFRACTION,129,['A'],"['COMPND   2 MOLECULE: NON-STRUCTURAL PROTEIN S,GAMMA-AMINOBUTYRIC ACID RECEPTOR-', 'SOURCE    MOL_ID: 1;', 'SOURCE   2 ORGANISM_SCIENTIFIC: HOMO SAPIENS;', 'SOURCE   3 ORGANISM_COMMON: HUMAN;', 'SOURCE   4 ORGANISM_TAXID: 9606;', 'SOURCE   5 GENE: NSS, GABARAP, FLC3B, HT004;', 'SOURCE   6 EXPRESSION_SYSTEM: ESCHERICHIA COLI BL21(DE3);', 'SOURCE   7 EXPRESSION_SYSTEM_TAXID: 469008', 'KEYWDS    RIFT VALLEY FEVER VIRUS, AUTOPHAGY, LC3, GABARAP, LIR, PROTEIN', 'KEYWDS   2 BINDING']",True,2155,220
8t2n.pdb,True,True,True,1.88,X-RAY DIFFRACTION,261,"['A', 'B', 'C', 'D']","['COMPND   2 MOLECULE: GAMMA-AMINOBUTYRIC ACID RECEPTOR-ASSOCIATED PROTEIN;', 'COMPND   7 MOLECULE: NON-STRUCTURAL PROTEIN S;', 'SOURCE    MOL_ID: 1;', 'SOURCE   2 ORGANISM_SCIENTIFIC: HOMO SAPIENS;', 'SOURCE   3 ORGANISM_COMMON: HUMAN;', 'SOURCE   4 ORGANISM_TAXID: 9606;', 'SOURCE   5 GENE: GABARAP, FLC3B, HT004;', 'SOURCE   6 EXPRESSION_SYSTEM: ESCHERICHIA COLI BL21(DE3);', 'SOURCE   7 EXPRESSION_SYSTEM_TAXID: 469008;', 'SOURCE   8 MOL_ID: 2;', 'SOURCE   9 ORGANISM_SCIENTIFIC: RIFT VALLEY FEVER VIRUS;', 'SOURCE  10 ORGANISM_TAXID: 11588;', 'SOURCE  11 GENE: NSS;', 'SOURCE  12 EXPRESSION_SYSTEM: ESCHERICHIA COLI BL21(DE3);', 'SOURCE  13 EXPRESSION_SYSTEM_TAXID: 469008', 'KEYWDS    RIFT VALLEY FEVER VIRUS, AUTOPHAGY, LC3, GABARAP, LIR, PROTEIN', 'KEYWDS   2 BINDING']",True,2189,44
8t35.pdb,True,True,True,1.9,X-RAY DIFFRACTION,250,"['A', 'B']","['COMPND   2 MOLECULE: TUMOR PROTEIN P53-INDUCIBLE NUCLEAR PROTEIN 2,MICROTUBULE-', 'SOURCE    MOL_ID: 1;', 'SOURCE   2 ORGANISM_SCIENTIFIC: HOMO SAPIENS;', 'SOURCE   3 ORGANISM_COMMON: HUMAN;', 'SOURCE   4 ORGANISM_TAXID: 9606;', 'SOURCE   5 GENE: TP53INP2, C20ORF110, DOR, PINH, MAP1LC3A;', 'SOURCE   6 EXPRESSION_SYSTEM: ESCHERICHIA COLI BL21(DE3);', 'SOURCE   7 EXPRESSION_SYSTEM_TAXID: 469008', 'KEYWDS    AUTOPHAGY, LC3A ACETYLATION, DOR LIR, TP53IP2 LIR, PROTEIN BINDING']",True,4147,166
8t4t.pdb,True,True,True,2.36,X-RAY DIFFRACTION,249,"['A', 'B']","['COMPND   2 MOLECULE: TUMOR PROTEIN P53-INDUCIBLE NUCLEAR PROTEIN 2,MICROTUBULE-', 'SOURCE    MOL_ID: 1;', 'SOURCE   2 ORGANISM_SCIENTIFIC: HOMO SAPIENS;', 'SOURCE   3 ORGANISM_COMMON: HUMAN;', 'SOURCE   4 ORGANISM_TAXID: 9606;', 'SOURCE   5 GENE: TP53INP2, C20ORF110, DOR, PINH, MAP1LC3A;', 'SOURCE   6 EXPRESSION_SYSTEM: ESCHERICHIA COLI BL21(DE3);', 'SOURCE   7 EXPRESSION_SYSTEM_TAXID: 469008', 'KEYWDS    LC3A, AUTOPHAGY, DOR LIR, TP53INP2 LIR, PROTEIN BINDING']",True,2065,10
8yv6.pdb,True,True,True,1.75,X-RAY DIFFRACTION,127,"['A', 'B']","['COMPND   2 MOLECULE: MICROTUBULE-ASSOCIATED PROTEINS 1A/1B LIGHT CHAIN 3B;', 'COMPND  10 MOLECULE: MATRIX PROTEIN 2;', 'SOURCE    MOL_ID: 1;', 'SOURCE   2 ORGANISM_SCIENTIFIC: HOMO SAPIENS;', 'SOURCE   3 ORGANISM_COMMON: HUMAN;', 'SOURCE   4 ORGANISM_TAXID: 9606;', 'SOURCE   5 GENE: MAP1LC3B, MAP1ALC3;', 'SOURCE   6 EXPRESSION_SYSTEM: ESCHERICHIA PHAGE ECSZW-2;', 'SOURCE   7 EXPRESSION_SYSTEM_TAXID: 2419741;', 'SOURCE   8 MOL_ID: 2;', 'SOURCE   9 ORGANISM_SCIENTIFIC: INFLUENZA A VIRUS;', 'SOURCE  10 ORGANISM_TAXID: 11320;', 'SOURCE  11 GENE: M2;', 'SOURCE  12 EXPRESSION_SYSTEM: ESCHERICHIA PHAGE ECSZW-2;', 'SOURCE  13 EXPRESSION_SYSTEM_TAXID: 2419741', 'KEYWDS    INFLUENZA A VIRUS, COMPLEX, LC3, VIRUS']",True,1072,22
